型号,类型,分划,倍率,出瞳距离,续航,重量,价格,是否打折,店名,链接
Vortex Crossfire II 1-4x24 V-Brite (CF2-31037),LPVO,V-Brite 照明分划 (MOA),1-4x,4 in,,,289.00（原价 319.00）,是,G4C Gun Store (ON),https://g4cgunstore.com/product/vortex-crossfire-ii-1-4x24mm-v-brite-scope-1/
Sig Sauer ROMEO ZERO-PRO (SOR01100),手枪红点（开放式）,2 MOA点 + 32 MOA圈,1x,,"最高20,000小时 (CR1632)",,324.93（原价 361.03）,是,Rangeview Sports (Newmarket ON，仅剩4件),https://www.rangeviewsports.ca/product/sig-sauer-romeo-zero-pro-red-dot-sight-2-moa-dot-w-circle/
Holosun ARO-CORE-MRS-RD,封闭式红点 (22mm),MRS：2 MOA点 / 65 MOA圈 / 圈点,1x,无限制,"50,000小时 (第6档, CR2032)",,293.99,否,G4C Gun Store (ON)；Marstar 同价有货,https://g4cgunstore.com/product/holosun-aro-mrs-red-sight/
Holosun ARO-EVO-SPR-RD,封闭式红点 (26mm),SPR：1.5 MOA点 + 65 MOA圈 + 3个1 MOA BDC点 + 测距,1x,无限制,"50,000小时 (第6档, CR2032) + 太阳能",,396.99,否,G4C Gun Store (ON),https://g4cgunstore.com/product/holosun-aro-evo-spr-red-multi-reticle-sight/
Holosun SCRS-RD-MRS,封闭式红点 (20mm),MRS 多分划（2 MOA点 + 65 MOA圈）,1x,,"最高50,000小时 + 太阳能充电",,377.99,否,Marstar Canada (QC),https://marstar.ca/product/mrs-red-solar-charging-rifle-sight-red-multi-reticle-7075-aluminum-enclosed-solar-charging-compact-tube-rifle/
Sig Sauer ROMEO5 Gen II Elite (SOR5105),红点,Quad Ballistic Circle Dot 2.0（1 MOA中心点 + 0.7 MOA弹道点 + 圈）,1x,,"40,000小时 (CR2032)",,323.00,否,P&D Enterprises (Edmonton AB),https://pdent.ca/product/sig-romeo5-gen-ii-elite-compact-1x20mm-quad-ballistic-circle-red-dot-black/
Primary Arms SLx MD-25 Gen II ACSS-CQB,红点 (25mm),ACSS CQB：V形中心 + 65 MOA圈 (horseshoe),1x,,"中档约12,000小时 (CR2032)",6.5 oz,329.99,否,RDSC (Red Deer AB),https://rdsc.ca/primary-arms-slx-md-25-rotary-knob-microdot-gen-ii-acss-cqb-reticle.html
Primary Arms GLx RS-15 ACSS Vulcan,迷你反射（手枪）,3 MOA点 + 250 MOA圈（可切纯点）,1x,,"全分划约5,000小时 / 纯点25,000+小时 (CR2032)",1.11 oz,399.99,否,RDSC (Red Deer AB),https://rdsc.ca/primary-arms-glx-rs-15-mini-reflex-sight-acss-vulcan-red-dot.html
Primary Arms CLx 1x Prism Circle Dot (710077),1x 棱镜,蚀刻照明 3 MOA点 + 45 MOA圈,1x,,"中档约2,000小时 (CR2032)",6.63 oz,299.95,否,Marstar Canada (QC),https://marstar.ca/product/primary-arms-clx-1x-prism-scope-circle-dot-reticle/
Primary Arms SLx 1x MicroPrism ACSS Cyclops Gen 2（红）,1x 棱镜,ACSS Cyclops Gen 2 蚀刻照明,1x,2–6 in（最佳3.6 in）,"中档约45,000小时 (CR2032)",7.6 oz（含增高座）,379.99,否,RDSC (Red Deer AB)；Marstar 同价有货,https://rdsc.ca/primary-arms-slx-1x-microprism-scope-acss-cyclops-gen-2-red-illuminated-reticle-moa.html
Primary Arms CLx 1-6x24 SFP,LPVO,照明 Duplex Dot (2 MOA 照明点),1-6x,3.5–3.9 in,,17.21 oz,319.99,否,RDSC (Red Deer AB),https://rdsc.ca/primary-arms-clx-1-6x24-sfp-rifle-scope-illuminated-duplex-reticle-moa.html
Bushnell R5 1-6x24 DD2-QA (R5-1624S26),LPVO,照明 DD2-QA（照明浮动中心点）,1-6x,3.7 in（店页；Bushnell官网4.0 in）,CR2032（续航未标）,17.3 oz,329.95,否,Tillsonburg Gun Shop (ON),https://tillsonburggunshop.com/Bushnell-R5-1-6x24mm-Illuminated-DD2-QA-Reticle-Riflescope-Canada
Vortex Crossfire HD 1-4x24 2A BDC (CFR-1401I),LPVO,照明 Dead-Hold 2A BDC (MOA),1-4x,3.8 in,,15.3 oz,369.00,否,G4C Gun Store (ON)；Tillsonburg 369.95 / RDSC 369.99,https://g4cgunstore.com/product/vortex-crossfire-hd-1-4x24-sfp-illuminated-dead-hold-2a-bdc-moa-scope-30mm/
Holosun HM3X,放大镜（QD 侧翻底座）,—,3x,2.75 in,无需电池,9.8 oz,279.99,否（比 Holosun 官网 293.99 低，但店家未标促销）,Fishing World (Grande Prairie AB),https://fishingworldgc.ca/products/holosun-hm3x-magnifier
Riton 3 Tactix 3X Magnifier (3T3XMAG24),放大镜（QD 侧翻底座）,—,3x,2.75 in（Riton官网）,无需电池,7.9 oz（Riton官网）,329.99,否,Fishing World (Grande Prairie AB),https://fishingworldgc.ca/products/riton-3-tactix-3x-magnifier
Holosun HM3X-MICRO,放大镜（QD 侧翻底座，含标准+前伸座）,—,3x,67 mm（约2.64 in）,无需电池,8.47 oz,338.99,否,SRS Tactical (Calgary AB),https://srstactical.ca/holosun-hm3x-micro-3x-magnifier-w-qd-mount.html
